city,state
New York,NY
Los Angeles,CA
Chicago,IL
Houston,TX
Phoenix,AZ
Philadelphia,PA
San Antonio,TX
San Diego,CA
Dallas,TX
San Jose,CA
Austin,TX
Jacksonville,FL
Fort Worth,TX
Columbus,OH
Charlotte,NC
San Francisco,CA
Indianapolis,IN
Seattle,WA
Denver,CO
Washington,DC
Boston,MA
El Paso,TX
Nashville,TN
Detroit,MI
Oklahoma City,OK
Portland,OR
Las Vegas,NV
Memphis,TN
Louisville,KY
Baltimore,MD
Milwaukee,WI
Albuquerque,NM
Tucson,AZ
Fresno,CA
Mesa,AZ
Sacramento,CA
Atlanta,GA
Kansas City,MO
Colorado Springs,CO
Omaha,NE
Raleigh,NC
Miami,FL
Long Beach,CA
Virginia Beach,VA
Oakland,CA
Minneapolis,MN
Tulsa,OK
Tampa,FL
Arlington,TX
New Orleans,LA
Wichita,KS
Cleveland,OH
Bakersfield,CA
Aurora,CO
Anaheim,CA
Honolulu,HI
Santa Ana,CA
Riverside,CA
Corpus Christi,TX
Lexington,KY
Henderson,NV
Stockton,CA
Saint Paul,MN
Cincinnati,OH
Pittsburgh,PA
Greensboro,NC
Anchorage,AK
Plano,TX
Lincoln,NE
Orlando,FL
Irvine,CA
Newark,NJ
Toledo,OH
Durham,NC
Chula Vista,CA
Fort Wayne,IN
Jersey City,NJ
St. Petersburg,FL
Laredo,TX
Madison,WI
Chandler,AZ
Buffalo,NY
Lubbock,TX
Scottsdale,AZ
Reno,NV
Glendale,AZ
Gilbert,AZ
Winston-Salem,NC
North Las Vegas,NV
Norfolk,VA
Chesapeake,VA
Garland,TX
Irving,TX
Hialeah,FL
Fremont,CA
Boise,ID
Richmond,VA
Baton Rouge,LA
Spokane,WA
Des Moines,IA
Tacoma,WA
San Bernardino,CA
Modesto,CA
Fontana,CA
Santa Clarita,CA
Birmingham,AL
Oxnard,CA
Fayetteville,NC
Rochester,NY
Moreno Valley,CA
Glendale,CA
Yonkers,NY
Huntington Beach,CA
Aurora,IL
Salt Lake City,UT
Amarillo,TX
Montgomery,AL
Little Rock,AR
Akron,OH
Columbus,GA
Augusta,GA
Grand Rapids,MI
Shreveport,LA
Huntsville,AL
Mobile,AL
Tallahassee,FL
Grand Prairie,TX
Overland Park,KS
Knoxville,TN
Port St. Lucie,FL
Worcester,MA
Brownsville,TX
Tempe,AZ
Santa Rosa,CA
Fort Lauderdale,FL
Newport News,VA
Cape Coral,FL
Providence,RI
Frisco,TX
Chattanooga,TN
Rancho Cucamonga,CA
Oceanside,CA
Ontario,CA
Vancouver,WA
Sioux Falls,SD
Springfield,MO
Peoria,AZ
Pembroke Pines,FL
Elk Grove,CA
Salem,OR
Lancaster,CA
Corona,CA
Eugene,OR
Palmdale,CA
Salinas,CA
Springfield,MA
Pasadena,TX
Fort Collins,CO
Hayward,CA
Pomona,CA
Cary,NC
Rockford,IL
Alexandria,VA
Escondido,CA
McKinney,TX
Kansas City,KS
Joliet,IL
Sunnyvale,CA
Torrance,CA
Bridgeport,CT
Lakewood,CO
Hollywood,FL
Paterson,NJ
Naperville,IL
Syracuse,NY
Mesquite,TX
Dayton,OH
Savannah,GA
Clarksville,TN
Orange,CA
Fullerton,CA
Killeen,TX
Framingham,MA
Hampton,VA
Warren,MI
Midland,TX
Columbia,SC
Murrieta,CA
Denton,TX
Victorville,CA
